,precision,recall,f1-score,support
NORMAL,0.993103448275862,0.6153846153846154,0.7598944591029023,234.0
PNEUMONIA,0.8121085594989561,0.9974358974358974,0.8952819332566168,390.0
accuracy,0.8541666666666666,0.8541666666666666,0.8541666666666666,0.8541666666666666
macro avg,0.9026060038874091,0.8064102564102564,0.8275881961797595,624.0
weighted avg,0.8799816427902959,0.8541666666666666,0.8445116304489739,624.0
